Actual_Weight,Predicted_LR,Predicted_LR_PCA,Error_LR,Error_LR_PCA
0.45,0.43935845433946935,0.4230060836287716,0.01064154566053066,0.026993916371228388
0.55,0.4988946692258847,0.507152887513371,0.05110533077411533,0.04284711248662909
0.35,0.3486847630439566,0.42020632467141883,0.001315236956043353,-0.07020632467141885
0.4,0.2988213195639983,0.43675986348956086,0.1011786804360017,-0.03675986348956084
0.45,0.3564995279361119,0.3887976707049797,0.09350047206388812,0.061202329295020286
0.35,0.38479642640633216,0.4220146444734399,-0.03479642640633218,-0.07201464447343991
0.4,0.41358700853634917,0.43960652192607746,-0.013587008536349143,-0.03960652192607744
0.6,0.535321557083611,0.4633869220590415,0.06467844291638902,0.1366130779409585
